Season_End_Year,Squad,Comp,Team_or_Opponent,Num_Players,Age,Poss,MP_Playing,Starts_Playing,Min_Playing,Mins_Per_90_Playing,Gls,Ast,G_minus_PK,PK,PKatt,CrdY,CrdR,Gls_Per,Ast_Per,G+A_Per,G_minus_PK_Per,G+A_minus_PK_Per,xG_Expected,npxG_Expected,xA_Expected,npxG+xA_Expected,xG_Per,xA_Per,xG+xA_Per,npxG_Per,npxG+xA_Per,Url
2021,Alavés,La Liga,team,30,28.7,42.7,38,418,3420,38,35,21,30,5,8,96,8,0.92,0.55,1.47,0.79,1.34,42.4,36.5,25.5,62,1.12,0.67,1.79,0.96,1.63,https://fbref.com/en/squads/8d6fd021/2020-2021/Alaves-Stats
2021,Alavés,La Liga,opponent,30,27.5,57.3,38,418,3420,38,57,44,54,3,3,80,3,1.5,1.16,2.66,1.42,2.58,50.8,48.5,37,85.5,1.34,0.97,2.31,1.28,2.25,https://fbref.com/en/squads/8d6fd021/2020-2021/Alaves-Stats
2021,Angers,Ligue 1,team,31,27.9,46.2,38,418,3420,38,39,23,34,5,6,65,2,1.03,0.61,1.63,0.89,1.5,41.7,37.2,27.4,64.6,1.1,0.72,1.82,0.98,1.7,https://fbref.com/en/squads/69236f98/2020-2021/Angers-Stats
2021,Angers,Ligue 1,opponent,31,26,53.8,38,418,3420,38,57,41,50,7,8,73,3,1.5,1.08,2.58,1.32,2.39,50.9,45.6,35,80.6,1.34,0.92,2.26,1.2,2.12,https://fbref.com/en/squads/69236f98/2020-2021/Angers-Stats
2021,Arminia,Bundesliga,team,26,26,42.2,34,374,3060,34,23,16,22,1,2,52,1,0.68,0.47,1.15,0.65,1.12,30.7,29.2,22.1,51.3,0.9,0.65,1.55,0.86,1.51,https://fbref.com/en/squads/247c4b67/2020-2021/Arminia-Stats
2021,Arminia,Bundesliga,opponent,26,25.9,57.8,34,374,3060,34,51,36,46,5,6,63,2,1.5,1.06,2.56,1.35,2.41,55.7,51.2,40.8,92.1,1.64,1.2,2.84,1.51,2.71,https://fbref.com/en/squads/247c4b67/2020-2021/Arminia-Stats
2021,Arsenal,Premier League,team,29,25.9,53.8,38,418,3420,38,53,38,47,6,6,49,5,1.39,1,2.39,1.24,2.24,53.5,49,36.6,85.5,1.41,0.96,2.37,1.29,2.25,https://fbref.com/en/squads/18bb7c10/2020-2021/Arsenal-Stats
2021,Arsenal,Premier League,opponent,29,26.7,46.2,38,418,3420,38,35,25,33,2,3,74,2,0.92,0.66,1.58,0.87,1.53,44.3,42.1,29.9,71.9,1.17,0.79,1.95,1.11,1.89,https://fbref.com/en/squads/18bb7c10/2020-2021/Arsenal-Stats
2021,Aston Villa,Premier League,team,24,25.2,48.1,38,418,3420,38,52,38,47,5,6,71,4,1.37,1,2.37,1.24,2.24,52.9,48.5,37.1,85.6,1.39,0.98,2.37,1.28,2.25,https://fbref.com/en/squads/8602292d/2020-2021/Aston-Villa-Stats
2021,Aston Villa,Premier League,opponent,24,26.7,51.9,38,418,3420,38,45,30,40,5,6,73,7,1.18,0.79,1.97,1.05,1.84,52.9,48.4,32.7,81.1,1.39,0.86,2.25,1.27,2.13,https://fbref.com/en/squads/8602292d/2020-2021/Aston-Villa-Stats
2021,Atalanta,Serie A,team,30,27.3,54.9,38,418,3420,38,89,65,83,6,7,67,3,2.34,1.71,4.05,2.18,3.89,77.2,72,55.9,128,2.03,1.47,3.5,1.9,3.37,https://fbref.com/en/squads/922493f3/2020-2021/Atalanta-Stats
2021,Atalanta,Serie A,opponent,30,27,45.1,38,418,3420,38,46,36,41,5,8,87,4,1.21,0.95,2.16,1.08,2.03,42.3,36.2,25.6,61.8,1.11,0.67,1.79,0.95,1.63,https://fbref.com/en/squads/922493f3/2020-2021/Atalanta-Stats
2021,Athletic Club,La Liga,team,27,26.6,49.8,38,418,3420,38,43,31,39,4,5,82,3,1.13,0.82,1.95,1.03,1.84,44.4,40.7,31.1,71.8,1.17,0.82,1.99,1.07,1.89,https://fbref.com/en/squads/2b390eca/2020-2021/Athletic-Club-Stats
2021,Athletic Club,La Liga,opponent,27,27.6,50.2,38,418,3420,38,41,29,36,5,6,80,5,1.08,0.76,1.84,0.95,1.71,36.3,31.9,24.6,56.5,0.96,0.65,1.6,0.84,1.49,https://fbref.com/en/squads/2b390eca/2020-2021/Athletic-Club-Stats
2021,Atlético Madrid,La Liga,team,25,27.3,52.4,38,418,3420,38,65,54,60,5,7,100,0,1.71,1.42,3.13,1.58,3,52.4,46.8,37.8,84.6,1.38,0.99,2.37,1.23,2.23,https://fbref.com/en/squads/db3b9613/2020-2021/Atletico-Madrid-Stats
2021,Atlético Madrid,La Liga,opponent,25,27.5,47.6,38,418,3420,38,22,15,21,1,4,59,3,0.58,0.39,0.97,0.55,0.95,32.7,29.7,23.2,52.9,0.86,0.61,1.47,0.78,1.39,https://fbref.com/en/squads/db3b9613/2020-2021/Atletico-Madrid-Stats
2021,Augsburg,Bundesliga,team,25,27,41.3,34,374,3060,34,35,23,33,2,5,70,4,1.03,0.68,1.71,0.97,1.65,36.1,32.3,24.5,56.9,1.06,0.72,1.78,0.95,1.67,https://fbref.com/en/squads/0cdc4311/2020-2021/Augsburg-Stats
2021,Augsburg,Bundesliga,opponent,25,26,58.7,34,374,3060,34,51,37,45,6,9,54,1,1.5,1.09,2.59,1.32,2.41,55.6,49,37.2,86.2,1.63,1.09,2.73,1.44,2.54,https://fbref.com/en/squads/0cdc4311/2020-2021/Augsburg-Stats
2021,Barcelona,La Liga,team,25,26.4,65.8,38,418,3420,38,80,51,76,4,8,72,2,2.11,1.34,3.45,2,3.34,78.9,72.6,57.4,130,2.08,1.51,3.59,1.91,3.42,https://fbref.com/en/squads/206d90db/2020-2021/Barcelona-Stats
2021,Barcelona,La Liga,opponent,25,27.4,34.2,38,418,3420,38,36,20,31,5,5,76,6,0.95,0.53,1.47,0.82,1.34,39.6,35.8,24.2,60,1.04,0.64,1.68,0.94,1.58,https://fbref.com/en/squads/206d90db/2020-2021/Barcelona-Stats
2021,Bayern Munich,Bundesliga,team,29,27.3,61.1,34,374,3060,34,98,75,89,9,10,44,3,2.88,2.21,5.09,2.62,4.82,75.8,68.2,53.3,121.5,2.23,1.57,3.8,2.01,3.57,https://fbref.com/en/squads/054efa67/2020-2021/Bayern-Munich-Stats
2021,Bayern Munich,Bundesliga,opponent,29,25.9,38.9,34,374,3060,34,44,41,43,1,3,50,0,1.29,1.21,2.5,1.26,2.47,41,38.7,31.7,70.4,1.21,0.93,2.14,1.14,2.07,https://fbref.com/en/squads/054efa67/2020-2021/Bayern-Munich-Stats
2021,Benevento,Serie A,team,29,28.7,42.3,38,418,3420,38,40,26,35,5,7,95,5,1.05,0.68,1.74,0.92,1.61,41.6,36.2,27.3,63.5,1.1,0.72,1.81,0.95,1.67,https://fbref.com/en/squads/4fcb34fd/2020-2021/Benevento-Stats
2021,Benevento,Serie A,opponent,29,27.2,57.7,38,418,3420,38,69,52,65,4,5,76,6,1.82,1.37,3.18,1.71,3.08,66.1,62.5,44,106.5,1.74,1.16,2.9,1.64,2.8,https://fbref.com/en/squads/4fcb34fd/2020-2021/Benevento-Stats
2021,Betis,La Liga,team,25,27.9,53.9,38,418,3420,38,50,35,42,8,11,93,8,1.32,0.92,2.24,1.11,2.03,46,37.8,29.9,67.7,1.21,0.79,2,1,1.78,https://fbref.com/en/squads/fc536746/2020-2021/Real-Betis-Stats
2021,Betis,La Liga,opponent,25,27.4,46.1,38,418,3420,38,47,31,39,8,10,83,2,1.24,0.82,2.05,1.03,1.84,45.5,38,29.6,67.7,1.2,0.78,1.98,1,1.78,https://fbref.com/en/squads/fc536746/2020-2021/Real-Betis-Stats
2021,Bologna,Serie A,team,37,27.2,50.9,38,418,3420,38,49,38,46,3,4,82,4,1.29,1,2.29,1.21,2.21,53.4,50.5,37.4,87.9,1.41,0.98,2.39,1.33,2.31,https://fbref.com/en/squads/1d8099f8/2020-2021/Bologna-Stats
2021,Bologna,Serie A,opponent,37,27.3,49.1,38,418,3420,38,63,40,56,7,9,84,1,1.66,1.05,2.71,1.47,2.53,64.7,58.4,42.7,101,1.7,1.12,2.82,1.54,2.66,https://fbref.com/en/squads/1d8099f8/2020-2021/Bologna-Stats
2021,Bordeaux,Ligue 1,team,28,27.6,49.7,38,418,3420,38,41,32,37,4,4,78,4,1.08,0.84,1.92,0.97,1.82,41.9,38.9,30.2,69.1,1.1,0.8,1.9,1.02,1.82,https://fbref.com/en/squads/123f3efe/2020-2021/Bordeaux-Stats
2021,Bordeaux,Ligue 1,opponent,28,25.8,50.3,38,418,3420,38,55,37,48,7,8,66,3,1.45,0.97,2.42,1.26,2.24,56.7,50.8,38.9,89.7,1.49,1.02,2.52,1.34,2.36,https://fbref.com/en/squads/123f3efe/2020-2021/Bordeaux-Stats
2021,Brest,Ligue 1,team,26,24.9,49.3,38,418,3420,38,47,31,44,3,4,62,4,1.24,0.82,2.05,1.16,1.97,47.5,44.4,33.7,78.2,1.25,0.89,2.14,1.17,2.06,https://fbref.com/en/squads/fb08dbb3/2020-2021/Brest-Stats
2021,Brest,Ligue 1,opponent,26,26,50.7,38,418,3420,38,64,43,55,9,11,78,5,1.68,1.13,2.82,1.45,2.58,55.6,47.3,34.9,82.2,1.46,0.92,2.38,1.24,2.16,https://fbref.com/en/squads/fb08dbb3/2020-2021/Brest-Stats
2021,Brighton,Premier League,team,27,25.8,51.3,38,418,3420,38,39,24,33,6,9,49,6,1.03,0.63,1.66,0.87,1.5,51.6,44.8,33,77.8,1.36,0.87,2.23,1.18,2.05,https://fbref.com/en/squads/d07537b9/2020-2021/Brighton-and-Hove-Albion-Stats
2021,Brighton,Premier League,opponent,27,26.4,48.7,38,418,3420,38,44,30,38,6,7,51,2,1.16,0.79,1.95,1,1.79,37.7,32.4,23.9,56.3,0.99,0.63,1.62,0.85,1.48,https://fbref.com/en/squads/d07537b9/2020-2021/Brighton-and-Hove-Albion-Stats
2021,Burnley,Premier League,team,25,28.3,41.7,38,418,3420,38,32,20,29,3,3,48,0,0.84,0.53,1.37,0.76,1.29,39.9,37.6,27.1,64.8,1.05,0.71,1.76,0.99,1.7,https://fbref.com/en/squads/943e8050/2020-2021/Burnley-Stats
2021,Burnley,Premier League,opponent,25,26.6,58.3,38,418,3420,38,54,47,51,3,3,32,2,1.42,1.24,2.66,1.34,2.58,57.6,55.4,43.6,99,1.52,1.15,2.66,1.46,2.6,https://fbref.com/en/squads/943e8050/2020-2021/Burnley-Stats
2021,Cádiz,La Liga,team,34,28.8,34.3,38,418,3420,38,33,16,29,4,4,81,3,0.87,0.42,1.29,0.76,1.18,34,31,19,50,0.89,0.5,1.39,0.82,1.31,https://fbref.com/en/squads/ee7c297c/2020-2021/Cadiz-Stats
2021,Cádiz,La Liga,opponent,34,27.5,65.7,38,418,3420,38,57,41,48,9,10,87,4,1.5,1.08,2.58,1.26,2.34,55,47.5,38.1,85.6,1.45,1,2.45,1.25,2.25,https://fbref.com/en/squads/ee7c297c/2020-2021/Cadiz-Stats
2021,Cagliari,Serie A,team,32,26.5,44.6,38,418,3420,38,43,30,39,4,5,77,3,1.13,0.79,1.92,1.03,1.82,45.5,41.8,30.6,72.4,1.2,0.81,2,1.1,1.91,https://fbref.com/en/squads/c4260e09/2020-2021/Cagliari-Stats
2021,Cagliari,Serie A,opponent,32,27.3,55.4,38,418,3420,38,59,45,54,5,5,76,5,1.55,1.18,2.74,1.42,2.61,63.1,59.4,48.2,107.6,1.66,1.27,2.93,1.56,2.83,https://fbref.com/en/squads/c4260e09/2020-2021/Cagliari-Stats
2021,Celta Vigo,La Liga,team,30,26.6,53.7,38,418,3420,38,55,39,48,7,7,109,5,1.45,1.03,2.47,1.26,2.29,47.7,42.4,33.2,75.6,1.25,0.87,2.13,1.11,1.99,https://fbref.com/en/squads/f25da7fb/2020-2021/Celta-Vigo-Stats
2021,Celta Vigo,La Liga,opponent,30,27.4,46.3,38,418,3420,38,56,37,49,7,8,102,6,1.47,0.97,2.45,1.29,2.26,49.5,43.4,32.5,76,1.3,0.86,2.16,1.14,2,https://fbref.com/en/squads/f25da7fb/2020-2021/Celta-Vigo-Stats
2021,Chelsea,Premier League,team,27,26,61.4,38,418,3420,38,56,38,48,8,10,51,3,1.47,1,2.47,1.26,2.26,64,56.4,42.4,98.8,1.68,1.12,2.8,1.48,2.6,https://fbref.com/en/squads/cff3d9bb/2020-2021/Chelsea-Stats
2021,Chelsea,Premier League,opponent,27,26.3,38.6,38,418,3420,38,35,26,32,3,4,56,3,0.92,0.68,1.61,0.84,1.53,32.8,29.8,22,51.8,0.86,0.58,1.44,0.78,1.36,https://fbref.com/en/squads/cff3d9bb/2020-2021/Chelsea-Stats
2021,Crotone,Serie A,team,31,27.8,46.4,38,418,3420,38,44,27,35,9,9,89,4,1.16,0.71,1.87,0.92,1.63,38.5,31.8,24.5,56.3,1.01,0.64,1.66,0.84,1.48,https://fbref.com/en/squads/3074d7b1/2020-2021/Crotone-Stats
2021,Crotone,Serie A,opponent,31,27.1,53.6,38,418,3420,38,90,68,85,5,5,90,5,2.37,1.79,4.16,2.24,4.03,71.6,67.9,51.6,119.5,1.89,1.36,3.24,1.79,3.14,https://fbref.com/en/squads/3074d7b1/2020-2021/Crotone-Stats
2021,Crystal Palace,Premier League,team,24,29.1,40.1,38,418,3420,38,39,29,36,3,4,56,2,1.03,0.76,1.79,0.95,1.71,32.4,29.5,20.9,50.4,0.85,0.55,1.4,0.78,1.33,https://fbref.com/en/squads/47c64c55/2020-2021/Crystal-Palace-Stats
2021,Crystal Palace,Premier League,opponent,24,26.4,59.9,38,418,3420,38,66,47,63,3,4,44,4,1.74,1.24,2.97,1.66,2.89,57.5,54.4,39.8,94.2,1.51,1.05,2.56,1.43,2.48,https://fbref.com/en/squads/47c64c55/2020-2021/Crystal-Palace-Stats
2021,Dijon,Ligue 1,team,33,25.7,46.2,38,418,3420,38,25,15,22,3,5,76,5,0.66,0.39,1.05,0.58,0.97,31.5,27.7,20.3,48,0.83,0.53,1.36,0.73,1.26,https://fbref.com/en/squads/8dfb7350/2020-2021/Dijon-Stats
2021,Dijon,Ligue 1,opponent,33,26,53.8,38,418,3420,38,69,44,62,7,10,54,1,1.82,1.16,2.97,1.63,2.79,75.3,67.7,48.8,116.6,1.98,1.29,3.27,1.78,3.07,https://fbref.com/en/squads/8dfb7350/2020-2021/Dijon-Stats
2021,Dortmund,Bundesliga,team,26,25.6,59.8,34,374,3060,34,74,57,71,3,7,44,1,2.18,1.68,3.85,2.09,3.76,68.6,62.9,51,113.9,2.02,1.5,3.52,1.85,3.35,https://fbref.com/en/squads/add600ae/2020-2021/Dortmund-Stats
2021,Dortmund,Bundesliga,opponent,26,26,40.2,34,374,3060,34,45,33,39,6,6,62,1,1.32,0.97,2.29,1.15,2.12,40.4,35.8,25.7,61.5,1.19,0.76,1.94,1.05,1.81,https://fbref.com/en/squads/add600ae/2020-2021/Dortmund-Stats
2021,Eibar,La Liga,team,30,28.2,49.6,38,418,3420,38,29,20,25,4,9,71,3,0.76,0.53,1.29,0.66,1.18,41.5,34.7,26.2,60.8,1.09,0.69,1.78,0.91,1.6,https://fbref.com/en/squads/bea5c710/2020-2021/Eibar-Stats
2021,Eibar,La Liga,opponent,30,27.5,50.4,38,418,3420,38,52,40,49,3,5,66,2,1.37,1.05,2.42,1.29,2.34,47,43.2,33.8,77,1.24,0.89,2.13,1.14,2.03,https://fbref.com/en/squads/bea5c710/2020-2021/Eibar-Stats
2021,Eint Frankfurt,Bundesliga,team,25,27.2,54,34,374,3060,34,63,52,55,8,8,82,1,1.85,1.53,3.38,1.62,3.15,56.1,50,43.1,93.1,1.65,1.27,2.92,1.47,2.74,https://fbref.com/en/squads/f0ac8ee6/2020-2021/Eintracht-Frankfurt-Stats
2021,Eint Frankfurt,Bundesliga,opponent,25,25.8,46,34,374,3060,34,51,40,47,4,6,64,0,1.5,1.18,2.68,1.38,2.56,48.4,43.6,33.3,76.9,1.42,0.98,2.4,1.28,2.26,https://fbref.com/en/squads/f0ac8ee6/2020-2021/Eintracht-Frankfurt-Stats
2021,Elche,La Liga,team,30,28.1,47.6,38,418,3420,38,33,25,31,2,3,99,3,0.87,0.66,1.53,0.82,1.47,30.5,28.2,21.9,50.1,0.8,0.58,1.38,0.74,1.32,https://fbref.com/en/squads/6c8b07df/2020-2021/Elche-Stats
2021,Elche,La Liga,opponent,30,27.4,52.4,38,418,3420,38,54,43,48,6,10,79,2,1.42,1.13,2.55,1.26,2.39,58.4,51.2,43.2,94.4,1.54,1.14,2.67,1.35,2.48,https://fbref.com/en/squads/6c8b07df/2020-2021/Elche-Stats
2021,Everton,Premier League,team,29,26.3,46.5,38,418,3420,38,45,32,41,4,5,59,2,1.18,0.84,2.03,1.08,1.92,47.1,43.4,32.9,76.3,1.24,0.87,2.11,1.14,2.01,https://fbref.com/en/squads/d3fd31cc/2020-2021/Everton-Stats
2021,Everton,Premier League,opponent,29,26.4,53.5,38,418,3420,38,47,33,44,3,4,66,1,1.24,0.87,2.11,1.16,2.03,52,48.9,33.5,82.5,1.37,0.88,2.25,1.29,2.17,https://fbref.com/en/squads/d3fd31cc/2020-2021/Everton-Stats
2021,Fiorentina,Serie A,team,30,26.6,46.2,38,418,3420,38,44,31,38,6,6,86,5,1.16,0.82,1.97,1,1.82,45.2,40.7,30.5,71.2,1.19,0.8,1.99,1.07,1.87,https://fbref.com/en/squads/421387cf/2020-2021/Fiorentina-Stats
2021,Fiorentina,Serie A,opponent,30,27.4,53.8,38,418,3420,38,57,39,49,8,11,81,2,1.5,1.03,2.53,1.29,2.32,55.1,46.6,38.9,85.5,1.45,1.02,2.47,1.23,2.25,https://fbref.com/en/squads/421387cf/2020-2021/Fiorentina-Stats
2021,Freiburg,Bundesliga,team,24,26.2,47,34,374,3060,34,51,34,45,6,6,62,0,1.5,1,2.5,1.32,2.32,46.2,41.7,29.2,70.9,1.36,0.86,2.22,1.23,2.09,https://fbref.com/en/squads/a486e511/2020-2021/Freiburg-Stats
2021,Freiburg,Bundesliga,opponent,24,26,53,34,374,3060,34,50,35,46,4,6,54,0,1.47,1.03,2.5,1.35,2.38,53.7,49.2,37.3,86.5,1.58,1.1,2.68,1.45,2.54,https://fbref.com/en/squads/a486e511/2020-2021/Freiburg-Stats
2021,Fulham,Premier League,team,28,25.2,49.9,38,418,3420,38,26,18,23,3,6,67,3,0.68,0.47,1.16,0.61,1.08,41.3,36.8,27.8,64.6,1.09,0.73,1.82,0.97,1.7,https://fbref.com/en/squads/fd962109/2020-2021/Fulham-Stats
2021,Fulham,Premier League,opponent,28,26.6,50.1,38,418,3420,38,52,34,45,7,7,40,1,1.37,0.89,2.26,1.18,2.08,52.9,47.7,36.2,83.9,1.39,0.95,2.34,1.26,2.21,https://fbref.com/en/squads/fd962109/2020-2021/Fulham-Stats
2021,Genoa,Serie A,team,34,28.3,44.7,38,418,3420,38,46,32,42,4,4,87,2,1.21,0.84,2.05,1.11,1.95,37.8,34.8,25.1,59.9,0.99,0.66,1.66,0.92,1.58,https://fbref.com/en/squads/658bf2de/2020-2021/Genoa-Stats
2021,Genoa,Serie A,opponent,34,27.2,55.3,38,418,3420,38,56,40,49,7,7,69,1,1.47,1.05,2.53,1.29,2.34,54.5,49.4,38.3,87.7,1.43,1.01,2.44,1.3,2.31,https://fbref.com/en/squads/658bf2de/2020-2021/Genoa-Stats
2021,Getafe,La Liga,team,31,26.7,42.8,38,418,3420,38,27,14,24,3,5,120,7,0.71,0.37,1.08,0.63,1,32.7,28.9,20.1,48.9,0.86,0.53,1.39,0.76,1.29,https://fbref.com/en/squads/7848bd64/2020-2021/Getafe-Stats
2021,Getafe,La Liga,opponent,31,27.4,57.2,38,418,3420,38,40,26,33,7,8,106,6,1.05,0.68,1.74,0.87,1.55,40.3,34.1,25,59.1,1.06,0.66,1.72,0.9,1.56,https://fbref.com/en/squads/7848bd64/2020-2021/Getafe-Stats
2021,Granada,La Liga,team,34,27.4,41,38,418,3420,38,46,30,43,3,5,97,6,1.21,0.79,2,1.13,1.92,39.5,35.9,23.8,59.6,1.04,0.63,1.67,0.94,1.57,https://fbref.com/en/squads/a0435291/2020-2021/Granada-Stats
2021,Granada,La Liga,opponent,34,27.6,59,38,418,3420,38,64,41,58,6,12,104,6,1.68,1.08,2.76,1.53,2.61,53.7,44.8,34.6,79.4,1.41,0.91,2.32,1.18,2.09,https://fbref.com/en/squads/a0435291/2020-2021/Granada-Stats
2021,Hellas Verona,Serie A,team,32,26.2,49.8,38,418,3420,38,38,30,35,3,3,91,1,1,0.79,1.79,0.92,1.71,43.5,41.3,31.1,72.4,1.15,0.82,1.97,1.09,1.91,https://fbref.com/en/squads/0e72edf2/2020-2021/Hellas-Verona-Stats
2021,Hellas Verona,Serie A,opponent,32,27,50.2,38,418,3420,38,46,31,40,6,7,81,2,1.21,0.82,2.03,1.05,1.87,50.3,45.2,33.8,79,1.32,0.89,2.21,1.19,2.08,https://fbref.com/en/squads/0e72edf2/2020-2021/Hellas-Verona-Stats
2021,Hertha BSC,Bundesliga,team,32,25.4,49.4,34,374,3060,34,40,29,36,4,6,67,3,1.18,0.85,2.03,1.06,1.91,42.4,37.9,29.8,67.7,1.25,0.88,2.13,1.11,1.99,https://fbref.com/en/squads/2818f8bc/2020-2021/Hertha-BSC-Stats
2021,Hertha BSC,Bundesliga,opponent,32,26.1,50.6,34,374,3060,34,51,35,44,7,8,68,3,1.5,1.03,2.53,1.29,2.32,47,40.9,32.1,73,1.38,0.94,2.33,1.2,2.15,https://fbref.com/en/squads/2818f8bc/2020-2021/Hertha-BSC-Stats
2021,Hoffenheim,Bundesliga,team,30,25.7,51.1,34,374,3060,34,51,38,46,5,6,68,4,1.5,1.12,2.62,1.35,2.47,51.8,47.3,35.9,83.2,1.52,1.06,2.58,1.39,2.45,https://fbref.com/en/squads/033ea6b8/2020-2021/Hoffenheim-Stats
2021,Hoffenheim,Bundesliga,opponent,30,26,48.9,34,374,3060,34,52,38,46,6,9,47,2,1.53,1.12,2.65,1.35,2.47,53.3,46.7,37.5,84.2,1.57,1.1,2.67,1.37,2.48,https://fbref.com/en/squads/033ea6b8/2020-2021/Hoffenheim-Stats
2021,Huesca,La Liga,team,27,28,48.3,38,418,3420,38,32,23,29,3,4,69,2,0.84,0.61,1.45,0.76,1.37,35.3,32.5,23.8,56.2,0.93,0.63,1.55,0.85,1.48,https://fbref.com/en/squads/c6c493e6/2020-2021/Huesca-Stats
2021,Huesca,La Liga,opponent,27,27.3,51.7,38,418,3420,38,51,37,46,5,5,64,2,1.34,0.97,2.32,1.21,2.18,44.3,40.7,29.5,70.2,1.17,0.78,1.94,1.07,1.85,https://fbref.com/en/squads/c6c493e6/2020-2021/Huesca-Stats
2021,Inter,Serie A,team,25,27.7,52.4,38,418,3420,38,84,62,76,8,9,61,2,2.21,1.63,3.84,2,3.63,74.8,68,53.4,121.4,1.97,1.4,3.37,1.79,3.19,https://fbref.com/en/squads/d609edc0/2020-2021/Internazionale-Stats
2021,Inter,Serie A,opponent,25,26.9,47.6,38,418,3420,38,34,19,29,5,7,84,3,0.89,0.5,1.39,0.76,1.26,38.6,33,24.6,57.6,1.02,0.65,1.66,0.87,1.52,https://fbref.com/en/squads/d609edc0/2020-2021/Internazionale-Stats
2021,Juventus,Serie A,team,30,27.7,57.1,38,418,3420,38,76,59,68,8,10,80,6,2,1.55,3.55,1.79,3.34,74.2,66.7,51.4,118.1,1.95,1.35,3.3,1.76,3.11,https://fbref.com/en/squads/e0652b02/2020-2021/Juventus-Stats
2021,Juventus,Serie A,opponent,30,27,42.9,38,418,3420,38,36,21,30,6,9,85,2,0.95,0.55,1.5,0.79,1.34,38.2,31.5,23.1,54.6,1.01,0.61,1.61,0.83,1.44,https://fbref.com/en/squads/e0652b02/2020-2021/Juventus-Stats
2021,Köln,Bundesliga,team,28,24.9,46.3,36,374,3060,34,33,23,29,4,6,63,1,0.97,0.68,1.65,0.85,1.53,39.1,34.7,24.6,59.3,1.15,0.72,1.88,1.02,1.74,https://fbref.com/en/squads/bc357bf7/2020-2021/Koln-Stats
2021,Köln,Bundesliga,opponent,28,26.2,53.7,36,374,3060,34,60,43,52,8,9,67,0,1.76,1.26,3.03,1.53,2.79,55.3,48.5,37.9,86.4,1.63,1.12,2.74,1.43,2.54,https://fbref.com/en/squads/bc357bf7/2020-2021/Koln-Stats
2021,Lazio,Serie A,team,30,29.4,53.1,38,418,3420,38,59,40,53,6,10,107,5,1.55,1.05,2.61,1.39,2.45,59.8,52.4,40.2,92.7,1.57,1.06,2.63,1.38,2.44,https://fbref.com/en/squads/7213da33/2020-2021/Lazio-Stats
2021,Lazio,Serie A,opponent,30,26.9,46.9,38,418,3420,38,53,33,43,10,10,87,3,1.39,0.87,2.26,1.13,2,47.8,40.3,28.4,68.7,1.26,0.75,2,1.06,1.81,https://fbref.com/en/squads/7213da33/2020-2021/Lazio-Stats
2021,Leeds United,Premier League,team,23,26.1,57.6,38,418,3420,38,60,45,56,4,4,61,1,1.58,1.18,2.76,1.47,2.66,57.5,54.5,42.5,97,1.51,1.12,2.63,1.43,2.55,https://fbref.com/en/squads/5bfb9659/2020-2021/Leeds-United-Stats
2021,Leeds United,Premier League,opponent,23,26.5,42.4,38,418,3420,38,52,36,44,8,9,49,2,1.37,0.95,2.32,1.16,2.11,62.9,56,41.6,97.6,1.66,1.1,2.75,1.47,2.57,https://fbref.com/en/squads/5bfb9659/2020-2021/Leeds-United-Stats
2021,Leicester City,Premier League,team,27,26.5,54.6,38,418,3420,38,64,45,54,10,12,61,0,1.68,1.18,2.87,1.42,2.61,56,46.9,33.1,80,1.47,0.87,2.35,1.23,2.11,https://fbref.com/en/squads/a2d435b3/2020-2021/Leicester-City-Stats
2021,Leicester City,Premier League,opponent,27,26.5,45.4,38,418,3420,38,48,29,44,4,4,61,1,1.26,0.76,2.03,1.16,1.92,47.7,44.7,34.2,78.9,1.25,0.9,2.16,1.18,2.08,https://fbref.com/en/squads/a2d435b3/2020-2021/Leicester-City-Stats
2021,Lens,Ligue 1,team,27,26.4,51.4,38,418,3420,38,53,35,43,10,12,94,7,1.39,0.92,2.32,1.13,2.05,56,46.9,34.7,81.6,1.47,0.91,2.39,1.23,2.15,https://fbref.com/en/squads/fd4e0f7d/2020-2021/Lens-Stats
2021,Lens,Ligue 1,opponent,27,26,48.6,38,418,3420,38,51,25,40,11,11,76,7,1.34,0.66,2,1.05,1.71,47.6,39.2,27.3,66.5,1.25,0.72,1.97,1.03,1.75,https://fbref.com/en/squads/fd4e0f7d/2020-2021/Lens-Stats
2021,Levante,La Liga,team,29,28,52.4,38,418,3420,38,45,35,42,3,6,68,1,1.18,0.92,2.11,1.11,2.03,41,36.4,28.5,64.9,1.08,0.75,1.83,0.96,1.71,https://fbref.com/en/squads/9800b6a1/2020-2021/Levante-Stats
2021,Levante,La Liga,opponent,29,27.4,47.6,38,418,3420,38,55,42,52,3,4,87,7,1.45,1.11,2.55,1.37,2.47,53.9,51,38.7,89.8,1.42,1.02,2.44,1.34,2.36,https://fbref.com/en/squads/9800b6a1/2020-2021/Levante-Stats
2021,Leverkusen,Bundesliga,team,30,25.4,59.9,34,374,3060,34,52,41,49,3,3,58,0,1.53,1.21,2.74,1.44,2.65,47.2,45,33.8,78.8,1.39,0.99,2.38,1.32,2.32,https://fbref.com/en/squads/c7a9f859/2020-2021/Bayer-Leverkusen-Stats
2021,Leverkusen,Bundesliga,opponent,30,25.9,40.1,34,374,3060,34,37,27,36,1,2,50,3,1.09,0.79,1.88,1.06,1.85,40.4,38.8,27.7,66.5,1.19,0.81,2,1.14,1.96,https://fbref.com/en/squads/c7a9f859/2020-2021/Bayer-Leverkusen-Stats
2021,Lille,Ligue 1,team,21,25.4,53.9,38,418,3420,38,62,39,57,5,5,68,2,1.63,1.03,2.66,1.5,2.53,50,46.2,36.1,82.4,1.32,0.95,2.27,1.22,2.17,https://fbref.com/en/squads/cb188c0c/2020-2021/Lille-Stats
2021,Lille,Ligue 1,opponent,21,26.2,46.1,38,418,3420,38,21,17,20,1,2,76,7,0.55,0.45,1,0.53,0.97,26.7,25.2,19.4,44.6,0.7,0.51,1.21,0.66,1.17,https://fbref.com/en/squads/cb188c0c/2020-2021/Lille-Stats
2021,Liverpool,Premier League,team,28,26.8,62.4,38,418,3420,38,65,43,59,6,6,40,0,1.71,1.13,2.84,1.55,2.68,72.6,68.1,50,118.1,1.91,1.32,3.23,1.79,3.11,https://fbref.com/en/squads/822bd0ba/2020-2021/Liverpool-Stats
2021,Liverpool,Premier League,opponent,28,26.6,37.6,38,418,3420,38,42,29,38,4,8,56,2,1.11,0.76,1.87,1,1.76,45.3,39.3,29.7,69.1,1.19,0.78,1.97,1.04,1.82,https://fbref.com/en/squads/822bd0ba/2020-2021/Liverpool-Stats
2021,Lorient,Ligue 1,team,27,26.8,44.6,38,418,3420,38,48,26,39,9,10,69,3,1.26,0.68,1.95,1.03,1.71,48.8,41.6,31.2,72.7,1.29,0.82,2.11,1.09,1.91,https://fbref.com/en/squads/d2c87802/2020-2021/Lorient-Stats
2021,Lorient,Ligue 1,opponent,27,25.8,55.4,38,418,3420,38,67,44,57,10,11,77,6,1.76,1.16,2.92,1.5,2.66,53.1,44.9,33.2,78.1,1.4,0.87,2.27,1.18,2.06,https://fbref.com/en/squads/d2c87802/2020-2021/Lorient-Stats
2021,Lyon,Ligue 1,team,29,25.8,54.9,38,418,3420,38,76,46,65,11,11,66,10,2,1.21,3.21,1.71,2.92,84.6,76.4,55,131.5,2.23,1.45,3.67,2.01,3.46,https://fbref.com/en/squads/d53c0b06/2020-2021/Lyon-Stats
2021,Lyon,Ligue 1,opponent,29,26.3,45.1,38,418,3420,38,41,24,36,5,7,77,8,1.08,0.63,1.71,0.95,1.58,43.2,37.9,25.1,63.1,1.14,0.66,1.8,1,1.66,https://fbref.com/en/squads/d53c0b06/2020-2021/Lyon-Stats
2021,M'Gladbach,Bundesliga,team,23,26.9,51.9,34,374,3060,34,63,44,53,10,11,61,2,1.85,1.29,3.15,1.56,2.85,55.2,47,34.6,81.7,1.62,1.02,2.64,1.38,2.4,https://fbref.com/en/squads/32f3ee20/2020-2021/Monchengladbach-Stats
2021,M'Gladbach,Bundesliga,opponent,23,25.6,48.1,34,374,3060,34,56,44,50,6,6,75,3,1.65,1.29,2.94,1.47,2.76,44.7,40.1,30.8,70.9,1.31,0.91,2.22,1.18,2.09,https://fbref.com/en/squads/32f3ee20/2020-2021/Monchengladbach-Stats
2021,Mainz 05,Bundesliga,team,31,25.8,40.5,34,374,3060,34,39,23,34,5,5,63,1,1.15,0.68,1.82,1,1.68,47.1,43.4,34.7,78.1,1.39,1.02,2.41,1.28,2.3,https://fbref.com/en/squads/a224b06a/2020-2021/Mainz-05-Stats
2021,Mainz 05,Bundesliga,opponent,31,25.9,59.5,34,374,3060,34,55,35,49,6,7,73,4,1.62,1.03,2.65,1.44,2.47,50.9,45.8,36,81.7,1.5,1.06,2.55,1.35,2.4,https://fbref.com/en/squads/a224b06a/2020-2021/Mainz-05-Stats
2021,Manchester City,Premier League,team,24,26.1,63.9,38,418,3420,38,82,55,77,5,9,46,2,2.16,1.45,3.61,2.03,3.47,73.3,66.6,51,117.5,1.93,1.34,3.27,1.75,3.09,https://fbref.com/en/squads/b8fd03ef/2020-2021/Manchester-City-Stats
2021,Manchester City,Premier League,opponent,24,26.4,36.1,38,418,3420,38,31,17,23,8,10,61,2,0.82,0.45,1.26,0.61,1.05,31.4,23.7,15.6,39.2,0.83,0.41,1.24,0.62,1.03,https://fbref.com/en/squads/b8fd03ef/2020-2021/Manchester-City-Stats
2021,Manchester Utd,Premier League,team,29,25.6,55.8,38,418,3420,38,70,51,60,10,11,64,1,1.84,1.34,3.18,1.58,2.92,60.2,51.9,40.5,92.4,1.58,1.07,2.65,1.37,2.43,https://fbref.com/en/squads/19538871/2020-2021/Manchester-United-Stats
2021,Manchester Utd,Premier League,opponent,29,26.6,44.2,38,418,3420,38,42,28,38,4,4,64,3,1.11,0.74,1.84,1,1.74,42.2,39.3,28.2,67.5,1.11,0.74,1.85,1.03,1.78,https://fbref.com/en/squads/19538871/2020-2021/Manchester-United-Stats
2021,Marseille,Ligue 1,team,31,27.2,53.9,38,418,3420,38,53,45,49,4,7,98,9,1.39,1.18,2.58,1.29,2.47,47.5,42.2,34.5,76.7,1.25,0.91,2.16,1.11,2.02,https://fbref.com/en/squads/5725cc7b/2020-2021/Marseille-Stats
2021,Marseille,Ligue 1,opponent,31,25.8,46.1,38,418,3420,38,46,36,43,3,3,81,6,1.21,0.95,2.16,1.13,2.08,46,43.7,32.6,76.3,1.21,0.86,2.07,1.15,2.01,https://fbref.com/en/squads/5725cc7b/2020-2021/Marseille-Stats
2021,Metz,Ligue 1,team,27,25.7,45.3,38,418,3420,38,42,28,35,7,11,84,4,1.11,0.74,1.84,0.92,1.66,41.3,33.2,25.6,58.8,1.09,0.67,1.76,0.87,1.55,https://fbref.com/en/squads/f83960ae/2020-2021/Metz-Stats
2021,Metz,Ligue 1,opponent,27,26.3,54.7,38,418,3420,38,46,25,34,12,13,76,6,1.21,0.66,1.87,0.89,1.55,49.3,39.6,30.2,69.7,1.3,0.79,2.09,1.04,1.83,https://fbref.com/en/squads/f83960ae/2020-2021/Metz-Stats
2021,Milan,Serie A,team,29,24.4,51.9,38,418,3420,38,72,47,57,15,20,83,4,1.89,1.24,3.13,1.5,2.74,71.2,56.6,43.4,100,1.87,1.14,3.02,1.49,2.63,https://fbref.com/en/squads/dc56fe14/2020-2021/Milan-Stats
2021,Milan,Serie A,opponent,29,27.4,48.1,38,418,3420,38,40,26,37,3,5,83,4,1.05,0.68,1.74,0.97,1.66,45.7,42,31.5,73.6,1.2,0.83,2.03,1.11,1.94,https://fbref.com/en/squads/dc56fe14/2020-2021/Milan-Stats
2021,Monaco,Ligue 1,team,30,24.8,56,38,418,3420,38,76,52,64,12,15,78,7,2,1.37,3.37,1.68,3.05,66.9,55.4,44.7,100.1,1.76,1.18,2.94,1.46,2.63,https://fbref.com/en/squads/fd6114db/2020-2021/Monaco-Stats
2021,Monaco,Ligue 1,opponent,30,26.2,44,38,418,3420,38,41,25,36,5,5,89,12,1.08,0.66,1.74,0.95,1.61,33.1,29.4,20.6,50,0.87,0.54,1.41,0.77,1.32,https://fbref.com/en/squads/fd6114db/2020-2021/Monaco-Stats
2021,Montpellier,Ligue 1,team,25,28,45.3,38,418,3420,38,60,42,58,2,5,65,7,1.58,1.11,2.68,1.53,2.63,47.9,44.2,30.7,74.9,1.26,0.81,2.07,1.16,1.97,https://fbref.com/en/squads/281b0e73/2020-2021/Montpellier-Stats
2021,Montpellier,Ligue 1,opponent,25,25.9,54.7,38,418,3420,38,60,39,48,12,12,79,4,1.58,1.03,2.61,1.26,2.29,65.7,56.6,44.8,101.4,1.73,1.18,2.91,1.49,2.67,https://fbref.com/en/squads/281b0e73/2020-2021/Montpellier-Stats
2021,Nantes,Ligue 1,team,25,25.8,43.7,40,418,3420,38,47,28,39,8,9,70,4,1.24,0.74,1.97,1.03,1.76,48.9,42.1,26.7,68.8,1.29,0.7,1.99,1.11,1.81,https://fbref.com/en/squads/d7a486cd/2020-2021/Nantes-Stats
2021,Nantes,Ligue 1,opponent,25,26,56.3,40,418,3420,38,54,29,44,10,12,88,3,1.42,0.76,2.18,1.16,1.92,55.8,46.9,33.6,80.4,1.47,0.88,2.35,1.23,2.12,https://fbref.com/en/squads/d7a486cd/2020-2021/Nantes-Stats
2021,Napoli,Serie A,team,25,27.1,55.2,38,418,3420,38,83,56,76,7,8,76,3,2.18,1.47,3.66,2,3.47,67.7,61.5,45.5,107,1.78,1.2,2.98,1.62,2.82,https://fbref.com/en/squads/d48ad4ff/2020-2021/Napoli-Stats
2021,Napoli,Serie A,opponent,25,27.1,44.8,38,418,3420,38,40,26,35,5,5,107,6,1.05,0.68,1.74,0.92,1.61,41.6,37.8,26.4,64.2,1.09,0.69,1.79,1,1.69,https://fbref.com/en/squads/d48ad4ff/2020-2021/Napoli-Stats
2021,Newcastle Utd,Premier League,team,27,27.1,38.2,38,418,3420,38,44,26,38,6,7,65,3,1.16,0.68,1.84,1,1.68,41,35.5,26.1,61.6,1.08,0.69,1.77,0.93,1.62,https://fbref.com/en/squads/b2b47a98/2020-2021/Newcastle-United-Stats
2021,Newcastle Utd,Premier League,opponent,27,26.6,61.8,38,418,3420,38,59,41,55,4,5,60,3,1.55,1.08,2.63,1.45,2.53,54,50.2,37.9,88.1,1.42,1,2.42,1.32,2.32,https://fbref.com/en/squads/b2b47a98/2020-2021/Newcastle-United-Stats
2021,Nice,Ligue 1,team,31,23.5,54.5,38,418,3420,38,49,26,42,7,7,73,4,1.29,0.68,1.97,1.11,1.79,46.9,41.7,26.3,68.1,1.24,0.69,1.93,1.1,1.79,https://fbref.com/en/squads/132ebc33/2020-2021/Nice-Stats
2021,Nice,Ligue 1,opponent,31,26.1,45.5,38,418,3420,38,53,28,46,7,7,66,1,1.39,0.74,2.13,1.21,1.95,52.1,46.8,34.3,81.2,1.37,0.9,2.27,1.23,2.14,https://fbref.com/en/squads/132ebc33/2020-2021/Nice-Stats
2021,Nîmes,Ligue 1,team,33,25.8,44.4,38,418,3420,38,40,26,33,7,8,60,5,1.05,0.68,1.74,0.87,1.55,41.4,35.8,27.3,63.1,1.09,0.72,1.81,0.94,1.66,https://fbref.com/en/squads/1cbf5f9e/2020-2021/Nimes-Stats
2021,Nîmes,Ligue 1,opponent,33,25.9,55.6,38,418,3420,38,71,52,65,6,10,87,9,1.87,1.37,3.24,1.71,3.08,64.9,57.1,44.2,101.3,1.71,1.16,2.87,1.5,2.67,https://fbref.com/en/squads/1cbf5f9e/2020-2021/Nimes-Stats
2021,Osasuna,La Liga,team,28,27.9,43.1,38,418,3420,38,36,25,31,5,6,80,5,0.95,0.66,1.61,0.82,1.47,37.6,33.2,23.4,56.7,0.99,0.62,1.61,0.87,1.49,https://fbref.com/en/squads/03c57e2b/2020-2021/Osasuna-Stats
2021,Osasuna,La Liga,opponent,28,27.4,56.9,38,418,3420,38,45,31,40,5,8,65,0,1.18,0.82,2,1.05,1.87,51.3,45.4,34.8,80.2,1.35,0.92,2.27,1.19,2.11,https://fbref.com/en/squads/03c57e2b/2020-2021/Osasuna-Stats
2021,Paris S-G,Ligue 1,team,33,26.7,63.5,38,418,3420,38,85,52,73,12,13,79,7,2.24,1.37,3.61,1.92,3.29,82.4,73.1,54.6,127.7,2.17,1.44,3.61,1.92,3.36,https://fbref.com/en/squads/e2d8892c/2020-2021/Paris-Saint-Germain-Stats
2021,Paris S-G,Ligue 1,opponent,33,25.9,36.5,38,418,3420,38,27,17,26,1,2,59,9,0.71,0.45,1.16,0.68,1.13,37.3,35.8,27.1,62.8,0.98,0.71,1.69,0.94,1.65,https://fbref.com/en/squads/e2d8892c/2020-2021/Paris-Saint-Germain-Stats
2021,Parma,Serie A,team,42,28,47.7,38,418,3420,38,39,26,34,5,5,91,1,1.03,0.68,1.71,0.89,1.58,40,36.2,28.6,64.9,1.05,0.75,1.81,0.95,1.71,https://fbref.com/en/squads/eab4234c/2020-2021/Parma-Stats
2021,Parma,Serie A,opponent,42,27.1,52.3,38,418,3420,38,80,62,77,3,3,71,1,2.11,1.63,3.74,2.03,3.66,61.4,59.4,45.3,104.7,1.62,1.19,2.81,1.56,2.76,https://fbref.com/en/squads/eab4234c/2020-2021/Parma-Stats
2021,RB Leipzig,Bundesliga,team,25,25,60,34,374,3060,34,59,44,51,8,10,57,0,1.74,1.29,3.03,1.5,2.79,65.3,58,44.7,102.7,1.92,1.32,3.24,1.7,3.02,https://fbref.com/en/squads/acbb6a5b/2020-2021/RB-Leipzig-Stats
2021,RB Leipzig,Bundesliga,opponent,25,26.1,40,34,374,3060,34,32,27,29,3,3,64,2,0.94,0.79,1.74,0.85,1.65,29.1,26.8,22.1,48.9,0.86,0.65,1.51,0.79,1.44,https://fbref.com/en/squads/acbb6a5b/2020-2021/RB-Leipzig-Stats
2021,Real Madrid,La Liga,team,30,27.9,59.7,38,418,3420,38,64,53,61,3,3,59,2,1.68,1.39,3.08,1.61,3,61.5,59.2,46,105.3,1.62,1.21,2.83,1.56,2.77,https://fbref.com/en/squads/53a2f082/2020-2021/Real-Madrid-Stats
2021,Real Madrid,La Liga,opponent,30,27.5,40.3,38,418,3420,38,27,17,20,7,8,87,3,0.71,0.45,1.16,0.53,0.97,36.5,30.4,23.8,54.2,0.96,0.63,1.59,0.8,1.43,https://fbref.com/en/squads/53a2f082/2020-2021/Real-Madrid-Stats
2021,Real Sociedad,La Liga,team,30,25,55.1,38,418,3420,38,58,39,49,9,12,81,1,1.53,1.03,2.55,1.29,2.32,60.4,51.6,39.2,90.7,1.59,1.03,2.62,1.36,2.39,https://fbref.com/en/squads/e31d1cd9/2020-2021/Real-Sociedad-Stats
2021,Real Sociedad,La Liga,opponent,30,27.4,44.9,38,418,3420,38,37,24,34,3,5,91,6,0.97,0.63,1.61,0.89,1.53,36.6,32.8,24.4,57.3,0.96,0.64,1.61,0.86,1.51,https://fbref.com/en/squads/e31d1cd9/2020-2021/Real-Sociedad-Stats
2021,Reims,Ligue 1,team,29,24.6,44.8,38,418,3420,38,39,23,34,5,5,77,8,1.03,0.61,1.63,0.89,1.5,33.3,29.7,20.9,50.5,0.88,0.55,1.43,0.78,1.33,https://fbref.com/en/squads/7fdd64e0/2020-2021/Reims-Stats
2021,Reims,Ligue 1,opponent,29,26,55.2,38,418,3420,38,49,34,44,5,8,58,3,1.29,0.89,2.18,1.16,2.05,61.1,55.4,40.3,95.6,1.61,1.06,2.67,1.46,2.52,https://fbref.com/en/squads/7fdd64e0/2020-2021/Reims-Stats
2021,Rennes,Ligue 1,team,32,25.5,59.5,38,418,3420,38,50,39,47,3,3,79,5,1.32,1.03,2.34,1.24,2.26,50,47.7,37.5,85.2,1.31,0.99,2.3,1.25,2.24,https://fbref.com/en/squads/b3072e00/2020-2021/Rennes-Stats
2021,Rennes,Ligue 1,opponent,32,26.1,40.5,38,418,3420,38,40,30,37,3,4,70,6,1.05,0.79,1.84,0.97,1.76,40,37,26.2,63.2,1.05,0.69,1.74,0.97,1.66,https://fbref.com/en/squads/b3072e00/2020-2021/Rennes-Stats
2021,Roma,Serie A,team,31,26.7,52.5,38,418,3420,38,67,51,60,7,8,91,3,1.76,1.34,3.11,1.58,2.92,68.9,62.9,49.2,112.1,1.81,1.3,3.11,1.66,2.95,https://fbref.com/en/squads/cf74a709/2020-2021/Roma-Stats
2021,Roma,Serie A,opponent,31,27.3,47.5,38,418,3420,38,52,36,47,5,6,80,6,1.37,0.95,2.32,1.24,2.18,51.4,46.7,34,80.7,1.35,0.89,2.25,1.23,2.12,https://fbref.com/en/squads/cf74a709/2020-2021/Roma-Stats
2021,Saint-Étienne,Ligue 1,team,40,25.4,48.3,38,418,3420,38,40,28,34,6,9,76,2,1.05,0.74,1.79,0.89,1.63,48.2,41.4,30.8,72.2,1.27,0.81,2.08,1.09,1.9,https://fbref.com/en/squads/d298ef2c/2020-2021/Saint-Etienne-Stats
2021,Saint-Étienne,Ligue 1,opponent,40,25.8,51.7,38,418,3420,38,52,34,46,6,9,77,1,1.37,0.89,2.26,1.21,2.11,48.5,41.7,30.5,72.2,1.28,0.8,2.08,1.1,1.9,https://fbref.com/en/squads/d298ef2c/2020-2021/Saint-Etienne-Stats
2021,Sampdoria,Serie A,team,27,27.9,45.1,38,418,3420,38,52,37,47,5,6,83,3,1.37,0.97,2.34,1.24,2.21,46.2,41.7,30,71.7,1.21,0.79,2,1.1,1.89,https://fbref.com/en/squads/8ff9e3b3/2020-2021/Sampdoria-Stats
2021,Sampdoria,Serie A,opponent,27,27.1,54.9,38,418,3420,38,53,35,46,7,9,77,1,1.39,0.92,2.32,1.21,2.13,56.9,50.2,35.7,86,1.5,0.94,2.44,1.32,2.26,https://fbref.com/en/squads/8ff9e3b3/2020-2021/Sampdoria-Stats
2021,Sassuolo,Serie A,team,28,26.5,60.8,38,418,3420,38,61,36,48,13,14,79,4,1.61,0.95,2.55,1.26,2.21,59.2,48.8,35.5,84.4,1.56,0.94,2.49,1.29,2.22,https://fbref.com/en/squads/e2befd26/2020-2021/Sassuolo-Stats
2021,Sassuolo,Serie A,opponent,28,27.2,39.2,38,418,3420,38,55,46,51,4,5,82,4,1.45,1.21,2.66,1.34,2.55,54.9,51.1,38.8,89.9,1.44,1.02,2.47,1.34,2.37,https://fbref.com/en/squads/e2befd26/2020-2021/Sassuolo-Stats
2021,Schalke 04,Bundesliga,team,42,25.9,44.6,34,374,3060,34,24,20,24,0,3,74,2,0.71,0.59,1.29,0.71,1.29,27,24.5,18.3,42.9,0.79,0.54,1.33,0.72,1.26,https://fbref.com/en/squads/c539e393/2020-2021/Schalke-04-Stats
2021,Schalke 04,Bundesliga,opponent,42,26,55.4,34,374,3060,34,81,65,74,7,8,59,2,2.38,1.91,4.29,2.18,4.09,68,62.1,48.9,111,2,1.44,3.44,1.83,3.26,https://fbref.com/en/squads/c539e393/2020-2021/Schalke-04-Stats
2021,Sevilla,La Liga,team,26,28.1,61.2,38,418,3420,38,52,36,46,6,7,79,2,1.37,0.95,2.32,1.21,2.16,50.9,45.6,34.8,80.4,1.34,0.92,2.26,1.2,2.12,https://fbref.com/en/squads/ad2be733/2020-2021/Sevilla-Stats
2021,Sevilla,La Liga,opponent,26,27.3,38.8,38,418,3420,38,31,20,27,4,6,109,1,0.82,0.53,1.34,0.71,1.24,35,30.6,20.5,51.1,0.92,0.54,1.46,0.8,1.34,https://fbref.com/en/squads/ad2be733/2020-2021/Sevilla-Stats
2021,Sheffield Utd,Premier League,team,27,26.7,41.5,38,418,3420,38,19,13,16,3,4,73,3,0.5,0.34,0.84,0.42,0.76,31.4,28.4,22.6,51,0.83,0.6,1.42,0.75,1.34,https://fbref.com/en/squads/1df6b87e/2020-2021/Sheffield-United-Stats
2021,Sheffield Utd,Premier League,opponent,27,26.7,58.5,38,418,3420,38,60,45,57,3,4,39,1,1.58,1.18,2.76,1.5,2.68,62.4,59.5,43.4,102.8,1.64,1.14,2.78,1.56,2.71,https://fbref.com/en/squads/1df6b87e/2020-2021/Sheffield-United-Stats
2021,Southampton,Premier League,team,29,26.6,52.2,38,418,3420,38,47,33,42,5,6,52,3,1.24,0.87,2.11,1.11,1.97,42.4,37.9,27.4,65.3,1.11,0.72,1.84,1,1.72,https://fbref.com/en/squads/33c895d4/2020-2021/Southampton-Stats
2021,Southampton,Premier League,opponent,29,26.5,47.8,38,418,3420,38,67,44,59,8,9,58,3,1.76,1.16,2.92,1.55,2.71,54.2,47.4,36.3,83.7,1.43,0.96,2.38,1.25,2.2,https://fbref.com/en/squads/33c895d4/2020-2021/Southampton-Stats
2021,Spezia,Serie A,team,35,25.2,52.2,38,418,3420,38,52,37,48,4,5,100,5,1.37,0.97,2.34,1.26,2.24,46.7,42.9,28.9,71.8,1.23,0.76,1.99,1.13,1.89,https://fbref.com/en/squads/68449f6d/2020-2021/Spezia-Stats
2021,Spezia,Serie A,opponent,35,27.3,47.8,38,418,3420,38,72,50,63,9,10,83,3,1.89,1.32,3.21,1.66,2.97,69.3,61.8,48.9,110.7,1.82,1.29,3.11,1.63,2.91,https://fbref.com/en/squads/68449f6d/2020-2021/Spezia-Stats
2021,Strasbourg,Ligue 1,team,26,26.8,45.6,38,418,3420,38,49,26,39,10,12,58,3,1.29,0.68,1.97,1.03,1.71,52.6,43.2,30,73.2,1.38,0.79,2.17,1.14,1.93,https://fbref.com/en/squads/c0d3eab4/2020-2021/Strasbourg-Stats
2021,Strasbourg,Ligue 1,opponent,26,26.1,54.4,38,418,3420,38,57,38,51,6,8,68,2,1.5,1,2.5,1.34,2.34,46.6,40.6,31.2,71.8,1.23,0.82,2.05,1.07,1.89,https://fbref.com/en/squads/c0d3eab4/2020-2021/Strasbourg-Stats
2021,Stuttgart,Bundesliga,team,29,24.1,51.5,34,374,3060,34,54,42,48,6,8,65,2,1.59,1.24,2.82,1.41,2.65,53.2,47.1,38.1,85.1,1.56,1.12,2.68,1.38,2.5,https://fbref.com/en/squads/598bc722/2020-2021/Stuttgart-Stats
2021,Stuttgart,Bundesliga,opponent,29,26.1,48.5,34,374,3060,34,54,38,49,5,7,69,3,1.59,1.12,2.71,1.44,2.56,53.3,48,35.4,83.4,1.57,1.04,2.61,1.41,2.45,https://fbref.com/en/squads/598bc722/2020-2021/Stuttgart-Stats
2021,Torino,Serie A,team,29,26.9,47.2,38,418,3420,38,49,28,44,5,6,78,4,1.29,0.74,2.03,1.16,1.89,50.2,45.5,32.5,78.1,1.32,0.86,2.18,1.2,2.05,https://fbref.com/en/squads/105360fe/2020-2021/Torino-Stats
2021,Torino,Serie A,opponent,29,27.1,52.8,38,418,3420,38,68,48,59,9,10,101,6,1.79,1.26,3.05,1.55,2.82,59,51.5,37.3,88.8,1.55,0.98,2.53,1.35,2.34,https://fbref.com/en/squads/105360fe/2020-2021/Torino-Stats
2021,Tottenham,Premier League,team,24,27.2,51.7,38,418,3420,38,66,50,61,5,5,57,2,1.74,1.32,3.05,1.61,2.92,54.5,50.7,35.5,86.2,1.43,0.93,2.37,1.33,2.27,https://fbref.com/en/squads/361ca564/2020-2021/Tottenham-Hotspur-Stats
2021,Tottenham,Premier League,opponent,24,26.5,48.3,38,418,3420,38,42,24,32,10,10,77,1,1.11,0.63,1.74,0.84,1.47,49.5,41.9,33,75,1.3,0.87,2.17,1.1,1.97,https://fbref.com/en/squads/361ca564/2020-2021/Tottenham-Hotspur-Stats
2021,Udinese,Serie A,team,33,27.2,46.1,38,418,3420,38,40,30,36,4,4,65,2,1.05,0.79,1.84,0.95,1.74,42.9,40.1,27.4,67.4,1.13,0.72,1.85,1.05,1.77,https://fbref.com/en/squads/04eea015/2020-2021/Udinese-Stats
2021,Udinese,Serie A,opponent,33,27.1,53.9,38,418,3420,38,58,35,44,14,14,84,4,1.53,0.92,2.45,1.16,2.08,52.1,41.6,31.4,73,1.37,0.83,2.2,1.1,1.92,https://fbref.com/en/squads/04eea015/2020-2021/Udinese-Stats
2021,Union Berlin,Bundesliga,team,27,27.3,44.9,34,374,3060,34,50,39,45,5,7,57,2,1.47,1.15,2.62,1.32,2.47,45.8,40.4,31.1,71.5,1.35,0.91,2.26,1.19,2.1,https://fbref.com/en/squads/7a41008f/2020-2021/Union-Berlin-Stats
2021,Union Berlin,Bundesliga,opponent,27,26,55.1,34,374,3060,34,41,31,37,4,5,64,2,1.21,0.91,2.12,1.09,2,41.3,37.3,28.9,66.2,1.22,0.85,2.06,1.1,1.95,https://fbref.com/en/squads/7a41008f/2020-2021/Union-Berlin-Stats
2021,Valencia,La Liga,team,30,25.2,46.9,38,418,3420,38,48,35,40,8,10,82,5,1.26,0.92,2.18,1.05,1.97,43.9,36.4,27.2,63.6,1.15,0.72,1.87,0.96,1.67,https://fbref.com/en/squads/dcc91a7b/2020-2021/Valencia-Stats
2021,Valencia,La Liga,opponent,30,27.6,53.1,38,418,3420,38,51,29,46,5,8,99,5,1.34,0.76,2.11,1.21,1.97,53.9,47.7,32.5,80.2,1.42,0.86,2.27,1.25,2.11,https://fbref.com/en/squads/dcc91a7b/2020-2021/Valencia-Stats
2021,Valladolid,La Liga,team,32,28.1,45.1,38,418,3420,38,34,21,27,7,8,93,4,0.89,0.55,1.45,0.71,1.26,37.1,31.2,22.1,53.3,0.98,0.58,1.56,0.82,1.4,https://fbref.com/en/squads/17859612/2020-2021/Valladolid-Stats
2021,Valladolid,La Liga,opponent,32,27.4,54.9,38,418,3420,38,57,44,51,6,7,96,2,1.5,1.16,2.66,1.34,2.5,51.8,46.5,35.7,82.1,1.36,0.94,2.3,1.22,2.16,https://fbref.com/en/squads/17859612/2020-2021/Valladolid-Stats
2021,Villarreal,La Liga,team,29,28,55.6,38,418,3420,38,57,33,45,12,13,67,5,1.5,0.87,2.37,1.18,2.05,58,48.3,40.5,88.9,1.53,1.07,2.59,1.27,2.34,https://fbref.com/en/squads/2a8183b3/2020-2021/Villarreal-Stats
2021,Villarreal,La Liga,opponent,29,27.5,44.4,38,418,3420,38,42,25,35,7,9,78,4,1.11,0.66,1.76,0.92,1.58,43.5,36.7,25.4,62,1.14,0.67,1.81,0.97,1.63,https://fbref.com/en/squads/2a8183b3/2020-2021/Villarreal-Stats
2021,Werder Bremen,Bundesliga,team,27,26.3,43.8,34,374,3060,34,35,25,30,5,5,67,3,1.03,0.74,1.76,0.88,1.62,33.8,30,21.5,51.5,0.99,0.63,1.63,0.88,1.52,https://fbref.com/en/squads/62add3bf/2020-2021/Werder-Bremen-Stats
2021,Werder Bremen,Bundesliga,opponent,27,26,56.2,34,374,3060,34,54,41,50,4,6,68,3,1.59,1.21,2.79,1.47,2.68,51,46.3,35.2,81.5,1.5,1.04,2.54,1.36,2.4,https://fbref.com/en/squads/62add3bf/2020-2021/Werder-Bremen-Stats
2021,West Brom,Premier League,team,30,26.4,37.6,38,418,3420,38,33,20,29,4,4,51,4,0.87,0.53,1.39,0.76,1.29,33.8,30.7,21.2,52,0.89,0.56,1.45,0.81,1.37,https://fbref.com/en/squads/60c6b05f/2020-2021/West-Bromwich-Albion-Stats
2021,West Brom,Premier League,opponent,30,26.6,62.4,38,418,3420,38,73,52,66,7,11,50,1,1.92,1.37,3.29,1.74,3.11,67.7,59.4,44.1,103.5,1.78,1.16,2.94,1.56,2.72,https://fbref.com/en/squads/60c6b05f/2020-2021/West-Bromwich-Albion-Stats
2021,West Ham,Premier League,team,24,27.8,42.9,38,418,3420,38,60,46,58,2,4,50,3,1.58,1.21,2.79,1.53,2.74,53.9,50.7,36.8,87.5,1.42,0.97,2.39,1.33,2.3,https://fbref.com/en/squads/7c21e445/2020-2021/West-Ham-United-Stats
2021,West Ham,Premier League,opponent,24,26.6,57.1,38,418,3420,38,43,34,40,3,5,52,1,1.13,0.89,2.03,1.05,1.95,48.3,44.5,35.3,79.8,1.27,0.93,2.2,1.17,2.1,https://fbref.com/en/squads/7c21e445/2020-2021/West-Ham-United-Stats
2021,Wolfsburg,Bundesliga,team,26,25.6,51.4,34,374,3060,34,57,48,55,2,3,58,3,1.68,1.41,3.09,1.62,3.03,49.5,47.4,37.6,85,1.45,1.11,2.56,1.39,2.5,https://fbref.com/en/squads/4eaa11d7/2020-2021/Wolfsburg-Stats
2021,Wolfsburg,Bundesliga,opponent,26,26.1,48.6,34,374,3060,34,36,27,33,3,5,61,2,1.06,0.79,1.85,0.97,1.76,42,38.1,29.5,67.6,1.24,0.87,2.1,1.12,1.99,https://fbref.com/en/squads/4eaa11d7/2020-2021/Wolfsburg-Stats
2021,Wolves,Premier League,team,27,26.3,49.3,38,418,3420,38,34,21,30,4,4,55,1,0.89,0.55,1.45,0.79,1.34,39.9,36.8,26.5,63.3,1.05,0.7,1.75,0.97,1.67,https://fbref.com/en/squads/8cec06e1/2020-2021/Wolverhampton-Wanderers-Stats
2021,Wolves,Premier League,opponent,27,26.6,50.7,38,418,3420,38,49,34,42,7,8,62,6,1.29,0.89,2.18,1.11,2,45.8,39.8,30.2,69.9,1.21,0.79,2,1.05,1.84,https://fbref.com/en/squads/8cec06e1/2020-2021/Wolverhampton-Wanderers-Stats
